<?xml version="1.0" encoding="UTF-8" standalone="yes" ?>
<appProperties xmlns="http://schemas.mathworks.com/matlab/app/2012/appProperties" signature="A852AE58A1A8C856D2B2B92A4834BF8E37042CBF">

  <entryPoint>app_01_08</entryPoint>

  <name>Robotics toolbox Simulation 01</name>

  <version>1.0</version>

  <createdByMATLABRelease>(R2022b)</createdByMATLABRelease>

  <GUID>d1c7f74d-c91d-4b86-8cec-c29b0af42067</GUID>

  <summary>Robotics toolbox Simulation 01</summary>

  <description>Robotics toolbox Simulation 01 
A report for Robotics lecture in Mechanical Engineering department, professor K.S. Park, Gachon Univ.
Aouther is SangWoo kim, Student in Mech, Gachon Univ.

complete_date		: 2022.11.01.
used_matlab_verstion	: MATLAB 2022b
requirement		: Peter Corke robotics tool box
Used External Source	: Peter Corke Robotics Toolbox
contact : kimz1121@naver.com
git : kimz1121
copyright : 
	CC(Creative Commons License) BY-NC-SA, 
	GPL lisense &lt;you shoud recive copy of a copy of the GNU general Public Lisense, Plese see &lt;https://www.gnu.org/licenses/&gt;&gt;</description>

  <author>
    <name>SangWoo Kim</name>
    <contact>kimz1121@naver.com</contact>
    <organization></organization>
  </author>

  <supportedPlatforms/>

  <requiredProducts/>

  <numFiles>121</numFiles>

  <created>2022-11-01T09:29:00Z</created>

  <appEntries>
    <appFile>/Users/khk/AppData/Roaming/MathWorks/MATLAB Add-Ons/Toolboxes/Robotics Toolbox for MATLAB/lib/spatial-math/transl.m</appFile>
    <appFile>/Users/khk/AppData/Roaming/MathWorks/MATLAB Add-Ons/Toolboxes/Robotics Toolbox for MATLAB/@SerialLink/ikine.m</appFile>
    <appFile>/Users/khk/AppData/Roaming/MathWorks/MATLAB Add-Ons/Toolboxes/Robotics Toolbox for MATLAB/@SerialLink/teach.m</appFile>
    <appFile>/Users/khk/AppData/Roaming/MathWorks/MATLAB Add-Ons/Toolboxes/Robotics Toolbox for MATLAB/@SerialLink/accel.m</appFile>
    <appFile>/Users/khk/AppData/Roaming/MathWorks/MATLAB Add-Ons/Toolboxes/Robotics Toolbox for MATLAB/@SerialLink/plot3d.m</appFile>
    <appFile>/Users/khk/AppData/Roaming/MathWorks/MATLAB Add-Ons/Toolboxes/Robotics Toolbox for MATLAB/lib/spatial-math/rt2tr.m</appFile>
    <appFile>/Users/khk/AppData/Roaming/MathWorks/MATLAB Add-Ons/Toolboxes/Robotics Toolbox for MATLAB/lib/spatial-math/isrot2.m</appFile>
    <appFile>/Users/khk/AppData/Roaming/MathWorks/MATLAB Add-Ons/Toolboxes/Robotics Toolbox for MATLAB/@SerialLink/pay.m</appFile>
    <appFile>/Users/khk/AppData/Roaming/MathWorks/MATLAB Add-Ons/Toolboxes/Robotics Toolbox for MATLAB/lib/spatial-math/rpy2r.m</appFile>
    <appFile>/Users/khk/AppData/Roaming/MathWorks/MATLAB Add-Ons/Toolboxes/Robotics Toolbox for MATLAB/@SerialLink/jacob_dot.m</appFile>
    <appFile>/Users/khk/AppData/Roaming/MathWorks/MATLAB Add-Ons/Toolboxes/Robotics Toolbox for MATLAB/jtraj.m</appFile>
    <appFile>/Users/khk/AppData/Roaming/MathWorks/MATLAB Add-Ons/Toolboxes/Robotics Toolbox for MATLAB/@SerialLink/trchain.m</appFile>
    <appFile>/Users/khk/AppData/Roaming/MathWorks/MATLAB Add-Ons/Toolboxes/Robotics Toolbox for MATLAB/@SerialLink/fdyn.m</appFile>
    <appFile>/Users/khk/AppData/Roaming/MathWorks/MATLAB Add-Ons/Toolboxes/Robotics Toolbox for MATLAB/@SerialLink/genforces.m</appFile>
    <appFile>/Users/khk/AppData/Roaming/MathWorks/MATLAB Add-Ons/Toolboxes/Robotics Toolbox for MATLAB/@SerialLink/ikine3.m</appFile>
    <appFile>/Users/khk/AppData/Roaming/MathWorks/MATLAB Add-Ons/Toolboxes/Robotics Toolbox for MATLAB/lib/spatial-math/trlog.m</appFile>
    <appFile>/Users/khk/AppData/Roaming/MathWorks/MATLAB Add-Ons/Toolboxes/Robotics Toolbox for MATLAB/lib/spatial-math/ishomog.m</appFile>
    <appFile>/Users/khk/AppData/Roaming/MathWorks/MATLAB Add-Ons/Toolboxes/Robotics Toolbox for MATLAB/lib/spatial-math/about.m</appFile>
    <appFile>/Users/khk/AppData/Roaming/MathWorks/MATLAB Add-Ons/Toolboxes/Robotics Toolbox for MATLAB/@SerialLink/perturb.m</appFile>
    <appFile>/Users/khk/AppData/Roaming/MathWorks/MATLAB Add-Ons/Toolboxes/Robotics Toolbox for MATLAB/lib/spatial-math/trplot2.m</appFile>
    <appFile>/Users/khk/AppData/Roaming/MathWorks/MATLAB Add-Ons/Toolboxes/Robotics Toolbox for MATLAB/@SerialLink/collisions.m</appFile>
    <appFile>/Users/khk/AppData/Roaming/MathWorks/MATLAB Add-Ons/Toolboxes/Robotics Toolbox for MATLAB/lib/spatial-math/angvec2r.m</appFile>
    <appFile>/Users/khk/AppData/Roaming/MathWorks/MATLAB Add-Ons/Toolboxes/Robotics Toolbox for MATLAB/@SerialLink/coriolis.m</appFile>
    <appFile>/Users/khk/AppData/Roaming/MathWorks/MATLAB Add-Ons/Toolboxes/Robotics Toolbox for MATLAB/lib/spatial-math/colnorm.m</appFile>
    <appFile>/Users/khk/AppData/Roaming/MathWorks/MATLAB Add-Ons/Toolboxes/Robotics Toolbox for MATLAB/lib/spatial-math/plot2.m</appFile>
    <appFile>/Users/khk/AppData/Roaming/MathWorks/MATLAB Add-Ons/Toolboxes/Robotics Toolbox for MATLAB/lib/spatial-math/r2t.m</appFile>
    <appFile>/Users/khk/AppData/Roaming/MathWorks/MATLAB Add-Ons/Toolboxes/Robotics Toolbox for MATLAB/@SerialLink/issym.m</appFile>
    <appFile>/Users/khk/AppData/Roaming/MathWorks/MATLAB Add-Ons/Toolboxes/Robotics Toolbox for MATLAB/lib/spatial-math/skew.m</appFile>
    <appFile>/Users/khk/AppData/Roaming/MathWorks/MATLAB Add-Ons/Toolboxes/Robotics Toolbox for MATLAB/lib/spatial-math/roty.m</appFile>
    <appFile>/Users/khk/AppData/Roaming/MathWorks/MATLAB Add-Ons/Toolboxes/Robotics Toolbox for MATLAB/@SerialLink/vellipse.m</appFile>
    <appFile>/Users/khk/AppData/Roaming/MathWorks/MATLAB Add-Ons/Toolboxes/Robotics Toolbox for MATLAB/@SerialLink/ikine_sym.m</appFile>
    <appFile>/Users/khk/AppData/Roaming/MathWorks/MATLAB Add-Ons/Toolboxes/Robotics Toolbox for MATLAB/lib/spatial-math/SpatialAcceleration.m</appFile>
    <appFile>/Users/khk/AppData/Roaming/MathWorks/MATLAB Add-Ons/Toolboxes/Robotics Toolbox for MATLAB/lib/spatial-math/SE2.m</appFile>
    <appFile>/Users/khk/AppData/Roaming/MathWorks/MATLAB Add-Ons/Toolboxes/Robotics Toolbox for MATLAB/lib/spatial-math/tr2rt.m</appFile>
    <appFile>/Users/khk/AppData/Roaming/MathWorks/MATLAB Add-Ons/Toolboxes/Robotics Toolbox for MATLAB/lib/spatial-math/Animate.m</appFile>
    <appFile>/Users/khk/AppData/Roaming/MathWorks/MATLAB Add-Ons/Toolboxes/Robotics Toolbox for MATLAB/@SerialLink/paycap.m</appFile>
    <appFile>/code/lecture/2022-2/로봇 공학/과제/실습과제/실습과제 01/app_01/app_01_08.mlapp</appFile>
    <appFile>/Users/khk/AppData/Roaming/MathWorks/MATLAB Add-Ons/Toolboxes/Robotics Toolbox for MATLAB/lib/spatial-math/plot_ellipse.m</appFile>
    <appFile>/Users/khk/AppData/Roaming/MathWorks/MATLAB Add-Ons/Toolboxes/Robotics Toolbox for MATLAB/lib/spatial-math/SpatialVelocity.m</appFile>
    <appFile>/Users/khk/AppData/Roaming/MathWorks/MATLAB Add-Ons/Toolboxes/Robotics Toolbox for MATLAB/lib/spatial-math/Quaternion.m</appFile>
    <appFile>/Users/khk/AppData/Roaming/MathWorks/MATLAB Add-Ons/Toolboxes/Robotics Toolbox for MATLAB/@SerialLink/jacobe.m</appFile>
    <appFile>/Users/khk/AppData/Roaming/MathWorks/MATLAB Add-Ons/Toolboxes/Robotics Toolbox for MATLAB/lib/spatial-math/tranimate2.m</appFile>
    <appFile>/Users/khk/AppData/Roaming/MathWorks/MATLAB Add-Ons/Toolboxes/Robotics Toolbox for MATLAB/@SerialLink/fkine.m</appFile>
    <appFile>/Users/khk/AppData/Roaming/MathWorks/MATLAB Add-Ons/Toolboxes/Robotics Toolbox for MATLAB/@SerialLink/jacob0.m</appFile>
    <appFile>/Users/khk/AppData/Roaming/MathWorks/MATLAB Add-Ons/Toolboxes/Robotics Toolbox for MATLAB/lib/spatial-math/SpatialVec6.m</appFile>
    <appFile>/Users/khk/AppData/Roaming/MathWorks/MATLAB Add-Ons/Toolboxes/Robotics Toolbox for MATLAB/@SerialLink/edit.m</appFile>
    <appFile>/Users/khk/AppData/Roaming/MathWorks/MATLAB Add-Ons/Toolboxes/Robotics Toolbox for MATLAB/sym2.m</appFile>
    <appFile>/Users/khk/AppData/Roaming/MathWorks/MATLAB Add-Ons/Toolboxes/Robotics Toolbox for MATLAB/lib/spatial-math/isrot.m</appFile>
    <appFile>/Users/khk/AppData/Roaming/MathWorks/MATLAB Add-Ons/Toolboxes/Robotics Toolbox for MATLAB/lib/spatial-math/SpatialF6.m</appFile>
    <appFile>/Users/khk/AppData/Roaming/MathWorks/MATLAB Add-Ons/Toolboxes/Robotics Toolbox for MATLAB/Link.m</appFile>
    <appFile>/Users/khk/AppData/Roaming/MathWorks/MATLAB Add-Ons/Toolboxes/Robotics Toolbox for MATLAB/@SerialLink/maniplty.m</appFile>
    <appFile>/Users/khk/AppData/Roaming/MathWorks/MATLAB Add-Ons/Toolboxes/Robotics Toolbox for MATLAB/lib/spatial-math/isunit.m</appFile>
    <appFile>/Users/khk/AppData/Roaming/MathWorks/MATLAB Add-Ons/Toolboxes/Robotics Toolbox for MATLAB/lib/spatial-math/trprint2.m</appFile>
    <appFile>/Users/khk/AppData/Roaming/MathWorks/MATLAB Add-Ons/Toolboxes/Robotics Toolbox for MATLAB/@SerialLink/qmincon.m</appFile>
    <appFile>/Users/khk/AppData/Roaming/MathWorks/MATLAB Add-Ons/Toolboxes/Robotics Toolbox for MATLAB/lib/spatial-math/eul2jac.m</appFile>
    <appFile>/Users/khk/AppData/Roaming/MathWorks/MATLAB Add-Ons/Toolboxes/Robotics Toolbox for MATLAB/@SerialLink/nofriction.m</appFile>
    <appFile>/Users/khk/AppData/Roaming/MathWorks/MATLAB Add-Ons/Toolboxes/Robotics Toolbox for MATLAB/lib/spatial-math/Plucker.m</appFile>
    <appFile>/Users/khk/AppData/Roaming/MathWorks/MATLAB Add-Ons/Toolboxes/Robotics Toolbox for MATLAB/@SerialLink/rne.m</appFile>
    <appFile>/Users/khk/AppData/Roaming/MathWorks/MATLAB Add-Ons/Toolboxes/Robotics Toolbox for MATLAB/lib/spatial-math/rotz.m</appFile>
    <appFile>/Users/khk/AppData/Roaming/MathWorks/MATLAB Add-Ons/Toolboxes/Robotics Toolbox for MATLAB/@SerialLink/animate.m</appFile>
    <appFile>/Users/khk/AppData/Roaming/MathWorks/MATLAB Add-Ons/Toolboxes/Robotics Toolbox for MATLAB/@SerialLink/gravload.m</appFile>
    <appFile>/Users/khk/AppData/Roaming/MathWorks/MATLAB Add-Ons/Toolboxes/Robotics Toolbox for MATLAB/lib/common/stlRead.m</appFile>
    <appFile>/Users/khk/AppData/Roaming/MathWorks/MATLAB Add-Ons/Toolboxes/Robotics Toolbox for MATLAB/lib/spatial-math/tr2rpy.m</appFile>
    <appFile>/Users/khk/AppData/Roaming/MathWorks/MATLAB Add-Ons/Toolboxes/Robotics Toolbox for MATLAB/lib/spatial-math/rpy2jac.m</appFile>
    <appFile>/Users/khk/AppData/Roaming/MathWorks/MATLAB Add-Ons/Toolboxes/Robotics Toolbox for MATLAB/lib/spatial-math/trprint.m</appFile>
    <appFile>/Users/khk/AppData/Roaming/MathWorks/MATLAB Add-Ons/Toolboxes/Robotics Toolbox for MATLAB/lib/spatial-math/SE3.m</appFile>
    <appFile>/Users/khk/AppData/Roaming/MathWorks/MATLAB Add-Ons/Toolboxes/Robotics Toolbox for MATLAB/delta2tr.m</appFile>
    <appFile>/Users/khk/AppData/Roaming/MathWorks/MATLAB Add-Ons/Toolboxes/Robotics Toolbox for MATLAB/lib/spatial-math/numcols.m</appFile>
    <appFile>/Users/khk/AppData/Roaming/MathWorks/MATLAB Add-Ons/Toolboxes/Robotics Toolbox for MATLAB/lib/spatial-math/transl2.m</appFile>
    <appFile>/Users/khk/AppData/Roaming/MathWorks/MATLAB Add-Ons/Toolboxes/Robotics Toolbox for MATLAB/lib/spatial-math/SO2.m</appFile>
    <appFile>/Users/khk/AppData/Roaming/MathWorks/MATLAB Add-Ons/Toolboxes/Robotics Toolbox for MATLAB/@SerialLink/ikine6s.m</appFile>
    <appFile>/Users/khk/AppData/Roaming/MathWorks/MATLAB Add-Ons/Toolboxes/Robotics Toolbox for MATLAB/lib/spatial-math/tr2angvec.m</appFile>
    <appFile>/Users/khk/AppData/Roaming/MathWorks/MATLAB Add-Ons/Toolboxes/Robotics Toolbox for MATLAB/lib/spatial-math/t2r.m</appFile>
    <appFile>/Users/khk/AppData/Roaming/MathWorks/MATLAB Add-Ons/Toolboxes/Robotics Toolbox for MATLAB/lib/spatial-math/skewa.m</appFile>
    <appFile>/Users/khk/AppData/Roaming/MathWorks/MATLAB Add-Ons/Toolboxes/Robotics Toolbox for MATLAB/lib/spatial-math/unit.m</appFile>
    <appFile>/Users/khk/AppData/Roaming/MathWorks/MATLAB Add-Ons/Toolboxes/Robotics Toolbox for MATLAB/Revolute.m</appFile>
    <appFile>/Users/khk/AppData/Roaming/MathWorks/MATLAB Add-Ons/Toolboxes/Robotics Toolbox for MATLAB/lib/spatial-math/rot2.m</appFile>
    <appFile>/Users/khk/AppData/Roaming/MathWorks/MATLAB Add-Ons/Toolboxes/Robotics Toolbox for MATLAB/lib/common/colorname.m</appFile>
    <appFile>/Users/khk/AppData/Roaming/MathWorks/MATLAB Add-Ons/Toolboxes/Robotics Toolbox for MATLAB/@SerialLink/inertia.m</appFile>
    <appFile>/Users/khk/AppData/Roaming/MathWorks/MATLAB Add-Ons/Toolboxes/Robotics Toolbox for MATLAB/lib/spatial-math/UnitQuaternion.m</appFile>
    <appFile>/Users/khk/AppData/Roaming/MathWorks/MATLAB Add-Ons/Toolboxes/Robotics Toolbox for MATLAB/lib/spatial-math/tr2delta.m</appFile>
    <appFile>/Users/khk/AppData/Roaming/MathWorks/MATLAB Add-Ons/Toolboxes/Robotics Toolbox for MATLAB/lib/spatial-math/trinterp.m</appFile>
    <appFile>/Users/khk/AppData/Roaming/MathWorks/MATLAB Add-Ons/Toolboxes/Robotics Toolbox for MATLAB/@SerialLink/gravjac.m</appFile>
    <appFile>/Users/khk/AppData/Roaming/MathWorks/MATLAB Add-Ons/Toolboxes/Robotics Toolbox for MATLAB/@SerialLink/fellipse.m</appFile>
    <appFile>/Users/khk/AppData/Roaming/MathWorks/MATLAB Add-Ons/Toolboxes/Robotics Toolbox for MATLAB/chi2inv_rtb.m</appFile>
    <appFile>/Users/khk/AppData/Roaming/MathWorks/MATLAB Add-Ons/Toolboxes/Robotics Toolbox for MATLAB/RTBPlot.m</appFile>
    <appFile>/Users/khk/AppData/Roaming/MathWorks/MATLAB Add-Ons/Toolboxes/Robotics Toolbox for MATLAB/@SerialLink/ikcon.m</appFile>
    <appFile>/Users/khk/AppData/Roaming/MathWorks/MATLAB Add-Ons/Toolboxes/Robotics Toolbox for MATLAB/lib/spatial-math/isvec.m</appFile>
    <appFile>/Users/khk/AppData/Roaming/MathWorks/MATLAB Add-Ons/Toolboxes/Robotics Toolbox for MATLAB/lib/spatial-math/trexp2.m</appFile>
    <appFile>/Users/khk/AppData/Roaming/MathWorks/MATLAB Add-Ons/Toolboxes/Robotics Toolbox for MATLAB/lib/spatial-math/trinterp2.m</appFile>
    <appFile>/Users/khk/AppData/Roaming/MathWorks/MATLAB Add-Ons/Toolboxes/Robotics Toolbox for MATLAB/models/mdl_puma560.m</appFile>
    <appFile>/Users/khk/AppData/Roaming/MathWorks/MATLAB Add-Ons/Toolboxes/Robotics Toolbox for MATLAB/@SerialLink/rne_dh.m</appFile>
    <appFile>/Users/khk/AppData/Roaming/MathWorks/MATLAB Add-Ons/Toolboxes/Robotics Toolbox for MATLAB/lib/spatial-math/numrows.m</appFile>
    <appFile>/Users/khk/AppData/Roaming/MathWorks/MATLAB Add-Ons/Toolboxes/Robotics Toolbox for MATLAB/@SerialLink/gencoords.m</appFile>
    <appFile>/Users/khk/AppData/Roaming/MathWorks/MATLAB Add-Ons/Toolboxes/Robotics Toolbox for MATLAB/lib/spatial-math/SpatialM6.m</appFile>
    <appFile>/Users/khk/AppData/Roaming/MathWorks/MATLAB Add-Ons/Toolboxes/Robotics Toolbox for MATLAB/demos/fkine.mlx</appFile>
    <appFile>/Users/khk/AppData/Roaming/MathWorks/MATLAB Add-Ons/Toolboxes/Robotics Toolbox for MATLAB/plotbotopt.m</appFile>
    <appFile>/Users/khk/AppData/Roaming/MathWorks/MATLAB Add-Ons/Toolboxes/Robotics Toolbox for MATLAB/@SerialLink/itorque.m</appFile>
    <appFile>/Users/khk/AppData/Roaming/MathWorks/MATLAB Add-Ons/Toolboxes/Robotics Toolbox for MATLAB/@SerialLink/friction.m</appFile>
    <appFile>/Users/khk/AppData/Roaming/MathWorks/MATLAB Add-Ons/Toolboxes/Robotics Toolbox for MATLAB/lib/spatial-math/ishomog2.m</appFile>
    <appFile>/Users/khk/AppData/Roaming/MathWorks/MATLAB Add-Ons/Toolboxes/Robotics Toolbox for MATLAB/@SerialLink/rne_mdh.m</appFile>
    <appFile>/Users/khk/AppData/Roaming/MathWorks/MATLAB Add-Ons/Toolboxes/Robotics Toolbox for MATLAB/lib/spatial-math/SO3.m</appFile>
    <appFile>/Users/khk/AppData/Roaming/MathWorks/MATLAB Add-Ons/Toolboxes/Robotics Toolbox for MATLAB/lib/spatial-math/SpatialForce.m</appFile>
    <appFile>/Users/khk/AppData/Roaming/MathWorks/MATLAB Add-Ons/Toolboxes/Robotics Toolbox for MATLAB/@SerialLink/SerialLink.m</appFile>
    <appFile>/Users/khk/AppData/Roaming/MathWorks/MATLAB Add-Ons/Toolboxes/Robotics Toolbox for MATLAB/lspb.m</appFile>
    <appFile>/Users/khk/AppData/Roaming/MathWorks/MATLAB Add-Ons/Toolboxes/Robotics Toolbox for MATLAB/@SerialLink/plot.m</appFile>
    <appFile>/Users/khk/AppData/Roaming/MathWorks/MATLAB Add-Ons/Toolboxes/Robotics Toolbox for MATLAB/lib/spatial-math/trnorm.m</appFile>
    <appFile>/Users/khk/AppData/Roaming/MathWorks/MATLAB Add-Ons/Toolboxes/Robotics Toolbox for MATLAB/@SerialLink/ikinem.m</appFile>
    <appFile>/Users/khk/AppData/Roaming/MathWorks/MATLAB Add-Ons/Toolboxes/Robotics Toolbox for MATLAB/@SerialLink/ikunc.m</appFile>
    <appFile>/Users/khk/AppData/Roaming/MathWorks/MATLAB Add-Ons/Toolboxes/Robotics Toolbox for MATLAB/lib/spatial-math/tb_optparse.m</appFile>
    <appFile>/Users/khk/AppData/Roaming/MathWorks/MATLAB Add-Ons/Toolboxes/Robotics Toolbox for MATLAB/lib/spatial-math/trplot.m</appFile>
    <appFile>/Users/khk/AppData/Roaming/MathWorks/MATLAB Add-Ons/Toolboxes/Robotics Toolbox for MATLAB/lib/spatial-math/Twist.m</appFile>
    <appFile>/Users/khk/AppData/Roaming/MathWorks/MATLAB Add-Ons/Toolboxes/Robotics Toolbox for MATLAB/lib/spatial-math/arrow3.m</appFile>
    <appFile>/Users/khk/AppData/Roaming/MathWorks/MATLAB Add-Ons/Toolboxes/Robotics Toolbox for MATLAB/lib/spatial-math/tranimate.m</appFile>
    <appFile>/Users/khk/AppData/Roaming/MathWorks/MATLAB Add-Ons/Toolboxes/Robotics Toolbox for MATLAB/lib/spatial-math/vex.m</appFile>
    <appFile>/Users/khk/AppData/Roaming/MathWorks/MATLAB Add-Ons/Toolboxes/Robotics Toolbox for MATLAB/@SerialLink/cinertia.m</appFile>
    <appFile>/Users/khk/AppData/Roaming/MathWorks/MATLAB Add-Ons/Toolboxes/Robotics Toolbox for MATLAB/lib/spatial-math/RTBPose.m</appFile>
    <appFile>/Users/khk/AppData/Roaming/MathWorks/MATLAB Add-Ons/Toolboxes/Robotics Toolbox for MATLAB/lib/spatial-math/tr2eul.m</appFile>
    <appFile>/Users/khk/AppData/Roaming/MathWorks/MATLAB Add-Ons/Toolboxes/Robotics Toolbox for MATLAB/lib/spatial-math/rotx.m</appFile>
    <appFile>/Users/khk/AppData/Roaming/MathWorks/MATLAB Add-Ons/Toolboxes/Robotics Toolbox for MATLAB/lib/spatial-math/trexp.m</appFile>
    <appFile>/Users/khk/AppData/Roaming/MathWorks/MATLAB Add-Ons/Toolboxes/Robotics Toolbox for MATLAB/lib/spatial-math/eul2r.m</appFile>
  </appEntries>

</appProperties>
