<?xml version="1.0" encoding="UTF-8" standalone="yes" ?>
<cp:coreProperties xmlns:cp="http://schemas.openxmlformats.org/package/2006/metadata/core-properties" xmlns:dc="http://purl.org/dc/elements/1.1/" xmlns:dcmitype="http://purl.org/dc/dcmitype/" xmlns:dcterms="http://purl.org/dc/terms/" xmlns:xsi="http://www.w3.org/2001/XMLSchema-instance">
  <dcterms:created xsi:type="dcterms:W3CDTF">2022-11-01T09:29:00Z</dcterms:created>
  <dc:creator>SangWoo Kim</dc:creator>
  <dc:description>Robotics toolbox Simulation 01 
A report for Robotics lecture in Mechanical Engineering department, professor K.S. Park, Gachon Univ.
Aouther is SangWoo kim, Student in Mech, Gachon Univ.

complete_date		: 2022.11.01.
used_matlab_verstion	: MATLAB 2022b
requirement		: Peter Corke robotics tool box
Used External Source	: Peter Corke Robotics Toolbox
contact : kimz1121@naver.com
git : kimz1121
copyright : 
	CC(Creative Commons License) BY-NC-SA, 
	GPL lisense &lt;you shoud recive copy of a copy of the GNU general Public Lisense, Plese see &lt;https://www.gnu.org/licenses/&gt;&gt;</dc:description>
  <dc:title>Robotics toolbox Simulation 01</dc:title>
  <cp:version>1.0</cp:version>
</cp:coreProperties>
