<?xml version="1.0" encoding="UTF-8" standalone="yes" ?>
<fileEntries xmlns="http://schemas.mathworks.com/matlab/compiler/2011/fileManifest" encoding="UTF-8" platform="win64">
  <fileEntry content="/fsroot/Users/khk/AppData/Roaming/MathWorks/MATLAB%20Add-Ons/Toolboxes/Robotics%20Toolbox%20for%20MATLAB/@SerialLink/SerialLink.m" date="2022-10-23T15:20:35Z" name="/Users/khk/AppData/Roaming/MathWorks/MATLAB Add-Ons/Toolboxes/Robotics Toolbox for MATLAB/@SerialLink/SerialLink.m" permissions="37302" type="File"/>
  <fileEntry content="/fsroot/Users/khk/AppData/Roaming/MathWorks/MATLAB%20Add-Ons/Toolboxes/Robotics%20Toolbox%20for%20MATLAB/@SerialLink/accel.m" date="2020-09-24T23:27:48Z" name="/Users/khk/AppData/Roaming/MathWorks/MATLAB Add-Ons/Toolboxes/Robotics Toolbox for MATLAB/@SerialLink/accel.m" permissions="33206" type="File"/>
  <fileEntry content="/fsroot/Users/khk/AppData/Roaming/MathWorks/MATLAB%20Add-Ons/Toolboxes/Robotics%20Toolbox%20for%20MATLAB/@SerialLink/animate.m" date="2020-09-24T23:27:48Z" name="/Users/khk/AppData/Roaming/MathWorks/MATLAB Add-Ons/Toolboxes/Robotics Toolbox for MATLAB/@SerialLink/animate.m" permissions="33206" type="File"/>
  <fileEntry content="/fsroot/Users/khk/AppData/Roaming/MathWorks/MATLAB%20Add-Ons/Toolboxes/Robotics%20Toolbox%20for%20MATLAB/@SerialLink/cinertia.m" date="2020-09-24T23:27:48Z" name="/Users/khk/AppData/Roaming/MathWorks/MATLAB Add-Ons/Toolboxes/Robotics Toolbox for MATLAB/@SerialLink/cinertia.m" permissions="33206" type="File"/>
  <fileEntry content="/fsroot/Users/khk/AppData/Roaming/MathWorks/MATLAB%20Add-Ons/Toolboxes/Robotics%20Toolbox%20for%20MATLAB/@SerialLink/collisions.m" date="2020-09-24T23:27:48Z" name="/Users/khk/AppData/Roaming/MathWorks/MATLAB Add-Ons/Toolboxes/Robotics Toolbox for MATLAB/@SerialLink/collisions.m" permissions="33206" type="File"/>
  <fileEntry content="/fsroot/Users/khk/AppData/Roaming/MathWorks/MATLAB%20Add-Ons/Toolboxes/Robotics%20Toolbox%20for%20MATLAB/@SerialLink/coriolis.m" date="2020-09-24T23:27:48Z" name="/Users/khk/AppData/Roaming/MathWorks/MATLAB Add-Ons/Toolboxes/Robotics Toolbox for MATLAB/@SerialLink/coriolis.m" permissions="33206" type="File"/>
  <fileEntry content="/fsroot/Users/khk/AppData/Roaming/MathWorks/MATLAB%20Add-Ons/Toolboxes/Robotics%20Toolbox%20for%20MATLAB/@SerialLink/edit.m" date="2020-09-24T23:27:48Z" name="/Users/khk/AppData/Roaming/MathWorks/MATLAB Add-Ons/Toolboxes/Robotics Toolbox for MATLAB/@SerialLink/edit.m" permissions="33206" type="File"/>
  <fileEntry content="/fsroot/Users/khk/AppData/Roaming/MathWorks/MATLAB%20Add-Ons/Toolboxes/Robotics%20Toolbox%20for%20MATLAB/@SerialLink/fdyn.m" date="2020-09-24T23:27:48Z" name="/Users/khk/AppData/Roaming/MathWorks/MATLAB Add-Ons/Toolboxes/Robotics Toolbox for MATLAB/@SerialLink/fdyn.m" permissions="33206" type="File"/>
  <fileEntry content="/fsroot/Users/khk/AppData/Roaming/MathWorks/MATLAB%20Add-Ons/Toolboxes/Robotics%20Toolbox%20for%20MATLAB/@SerialLink/fellipse.m" date="2020-09-24T23:27:48Z" name="/Users/khk/AppData/Roaming/MathWorks/MATLAB Add-Ons/Toolboxes/Robotics Toolbox for MATLAB/@SerialLink/fellipse.m" permissions="33206" type="File"/>
  <fileEntry content="/fsroot/Users/khk/AppData/Roaming/MathWorks/MATLAB%20Add-Ons/Toolboxes/Robotics%20Toolbox%20for%20MATLAB/@SerialLink/fkine.m" date="2020-09-24T23:27:48Z" name="/Users/khk/AppData/Roaming/MathWorks/MATLAB Add-Ons/Toolboxes/Robotics Toolbox for MATLAB/@SerialLink/fkine.m" permissions="33206" type="File"/>
  <fileEntry content="/fsroot/Users/khk/AppData/Roaming/MathWorks/MATLAB%20Add-Ons/Toolboxes/Robotics%20Toolbox%20for%20MATLAB/@SerialLink/friction.m" date="2020-09-24T23:27:48Z" name="/Users/khk/AppData/Roaming/MathWorks/MATLAB Add-Ons/Toolboxes/Robotics Toolbox for MATLAB/@SerialLink/friction.m" permissions="33206" type="File"/>
  <fileEntry content="/fsroot/Users/khk/AppData/Roaming/MathWorks/MATLAB%20Add-Ons/Toolboxes/Robotics%20Toolbox%20for%20MATLAB/@SerialLink/gencoords.m" date="2020-09-24T23:27:48Z" name="/Users/khk/AppData/Roaming/MathWorks/MATLAB Add-Ons/Toolboxes/Robotics Toolbox for MATLAB/@SerialLink/gencoords.m" permissions="33206" type="File"/>
  <fileEntry content="/fsroot/Users/khk/AppData/Roaming/MathWorks/MATLAB%20Add-Ons/Toolboxes/Robotics%20Toolbox%20for%20MATLAB/@SerialLink/genforces.m" date="2020-09-24T23:27:48Z" name="/Users/khk/AppData/Roaming/MathWorks/MATLAB Add-Ons/Toolboxes/Robotics Toolbox for MATLAB/@SerialLink/genforces.m" permissions="33206" type="File"/>
  <fileEntry content="/fsroot/Users/khk/AppData/Roaming/MathWorks/MATLAB%20Add-Ons/Toolboxes/Robotics%20Toolbox%20for%20MATLAB/@SerialLink/gravjac.m" date="2020-09-24T23:27:48Z" name="/Users/khk/AppData/Roaming/MathWorks/MATLAB Add-Ons/Toolboxes/Robotics Toolbox for MATLAB/@SerialLink/gravjac.m" permissions="33206" type="File"/>
  <fileEntry content="/fsroot/Users/khk/AppData/Roaming/MathWorks/MATLAB%20Add-Ons/Toolboxes/Robotics%20Toolbox%20for%20MATLAB/@SerialLink/gravload.m" date="2020-09-24T23:27:48Z" name="/Users/khk/AppData/Roaming/MathWorks/MATLAB Add-Ons/Toolboxes/Robotics Toolbox for MATLAB/@SerialLink/gravload.m" permissions="33206" type="File"/>
  <fileEntry content="/fsroot/Users/khk/AppData/Roaming/MathWorks/MATLAB%20Add-Ons/Toolboxes/Robotics%20Toolbox%20for%20MATLAB/@SerialLink/ikcon.m" date="2020-09-24T23:27:48Z" name="/Users/khk/AppData/Roaming/MathWorks/MATLAB Add-Ons/Toolboxes/Robotics Toolbox for MATLAB/@SerialLink/ikcon.m" permissions="33206" type="File"/>
  <fileEntry content="/fsroot/Users/khk/AppData/Roaming/MathWorks/MATLAB%20Add-Ons/Toolboxes/Robotics%20Toolbox%20for%20MATLAB/@SerialLink/ikine.m" date="2022-10-22T06:13:59Z" name="/Users/khk/AppData/Roaming/MathWorks/MATLAB Add-Ons/Toolboxes/Robotics Toolbox for MATLAB/@SerialLink/ikine.m" permissions="37302" type="File"/>
  <fileEntry content="/fsroot/Users/khk/AppData/Roaming/MathWorks/MATLAB%20Add-Ons/Toolboxes/Robotics%20Toolbox%20for%20MATLAB/@SerialLink/ikine3.m" date="2020-09-24T23:27:48Z" name="/Users/khk/AppData/Roaming/MathWorks/MATLAB Add-Ons/Toolboxes/Robotics Toolbox for MATLAB/@SerialLink/ikine3.m" permissions="33206" type="File"/>
  <fileEntry content="/fsroot/Users/khk/AppData/Roaming/MathWorks/MATLAB%20Add-Ons/Toolboxes/Robotics%20Toolbox%20for%20MATLAB/@SerialLink/ikine6s.m" date="2020-09-24T23:27:48Z" name="/Users/khk/AppData/Roaming/MathWorks/MATLAB Add-Ons/Toolboxes/Robotics Toolbox for MATLAB/@SerialLink/ikine6s.m" permissions="33206" type="File"/>
  <fileEntry content="/fsroot/Users/khk/AppData/Roaming/MathWorks/MATLAB%20Add-Ons/Toolboxes/Robotics%20Toolbox%20for%20MATLAB/@SerialLink/ikine_sym.m" date="2020-09-24T23:27:48Z" name="/Users/khk/AppData/Roaming/MathWorks/MATLAB Add-Ons/Toolboxes/Robotics Toolbox for MATLAB/@SerialLink/ikine_sym.m" permissions="33206" type="File"/>
  <fileEntry content="/fsroot/Users/khk/AppData/Roaming/MathWorks/MATLAB%20Add-Ons/Toolboxes/Robotics%20Toolbox%20for%20MATLAB/@SerialLink/ikinem.m" date="2020-09-24T23:27:48Z" name="/Users/khk/AppData/Roaming/MathWorks/MATLAB Add-Ons/Toolboxes/Robotics Toolbox for MATLAB/@SerialLink/ikinem.m" permissions="33206" type="File"/>
  <fileEntry content="/fsroot/Users/khk/AppData/Roaming/MathWorks/MATLAB%20Add-Ons/Toolboxes/Robotics%20Toolbox%20for%20MATLAB/@SerialLink/ikunc.m" date="2020-09-24T23:27:48Z" name="/Users/khk/AppData/Roaming/MathWorks/MATLAB Add-Ons/Toolboxes/Robotics Toolbox for MATLAB/@SerialLink/ikunc.m" permissions="33206" type="File"/>
  <fileEntry content="/fsroot/Users/khk/AppData/Roaming/MathWorks/MATLAB%20Add-Ons/Toolboxes/Robotics%20Toolbox%20for%20MATLAB/@SerialLink/inertia.m" date="2020-09-24T23:27:48Z" name="/Users/khk/AppData/Roaming/MathWorks/MATLAB Add-Ons/Toolboxes/Robotics Toolbox for MATLAB/@SerialLink/inertia.m" permissions="33206" type="File"/>
  <fileEntry content="/fsroot/Users/khk/AppData/Roaming/MathWorks/MATLAB%20Add-Ons/Toolboxes/Robotics%20Toolbox%20for%20MATLAB/@SerialLink/issym.m" date="2020-09-24T23:27:48Z" name="/Users/khk/AppData/Roaming/MathWorks/MATLAB Add-Ons/Toolboxes/Robotics Toolbox for MATLAB/@SerialLink/issym.m" permissions="33206" type="File"/>
  <fileEntry content="/fsroot/Users/khk/AppData/Roaming/MathWorks/MATLAB%20Add-Ons/Toolboxes/Robotics%20Toolbox%20for%20MATLAB/@SerialLink/itorque.m" date="2020-09-24T23:27:48Z" name="/Users/khk/AppData/Roaming/MathWorks/MATLAB Add-Ons/Toolboxes/Robotics Toolbox for MATLAB/@SerialLink/itorque.m" permissions="33206" type="File"/>
  <fileEntry content="/fsroot/Users/khk/AppData/Roaming/MathWorks/MATLAB%20Add-Ons/Toolboxes/Robotics%20Toolbox%20for%20MATLAB/@SerialLink/jacob0.m" date="2020-09-24T23:27:48Z" name="/Users/khk/AppData/Roaming/MathWorks/MATLAB Add-Ons/Toolboxes/Robotics Toolbox for MATLAB/@SerialLink/jacob0.m" permissions="33206" type="File"/>
  <fileEntry content="/fsroot/Users/khk/AppData/Roaming/MathWorks/MATLAB%20Add-Ons/Toolboxes/Robotics%20Toolbox%20for%20MATLAB/@SerialLink/jacob_dot.m" date="2020-09-24T23:27:48Z" name="/Users/khk/AppData/Roaming/MathWorks/MATLAB Add-Ons/Toolboxes/Robotics Toolbox for MATLAB/@SerialLink/jacob_dot.m" permissions="33206" type="File"/>
  <fileEntry content="/fsroot/Users/khk/AppData/Roaming/MathWorks/MATLAB%20Add-Ons/Toolboxes/Robotics%20Toolbox%20for%20MATLAB/@SerialLink/jacobe.m" date="2020-09-24T23:27:48Z" name="/Users/khk/AppData/Roaming/MathWorks/MATLAB Add-Ons/Toolboxes/Robotics Toolbox for MATLAB/@SerialLink/jacobe.m" permissions="33206" type="File"/>
  <fileEntry content="/fsroot/Users/khk/AppData/Roaming/MathWorks/MATLAB%20Add-Ons/Toolboxes/Robotics%20Toolbox%20for%20MATLAB/@SerialLink/maniplty.m" date="2020-09-24T23:27:48Z" name="/Users/khk/AppData/Roaming/MathWorks/MATLAB Add-Ons/Toolboxes/Robotics Toolbox for MATLAB/@SerialLink/maniplty.m" permissions="33206" type="File"/>
  <fileEntry content="/fsroot/Users/khk/AppData/Roaming/MathWorks/MATLAB%20Add-Ons/Toolboxes/Robotics%20Toolbox%20for%20MATLAB/@SerialLink/nofriction.m" date="2020-09-24T23:27:48Z" name="/Users/khk/AppData/Roaming/MathWorks/MATLAB Add-Ons/Toolboxes/Robotics Toolbox for MATLAB/@SerialLink/nofriction.m" permissions="33206" type="File"/>
  <fileEntry content="/fsroot/Users/khk/AppData/Roaming/MathWorks/MATLAB%20Add-Ons/Toolboxes/Robotics%20Toolbox%20for%20MATLAB/@SerialLink/pay.m" date="2020-09-24T23:27:48Z" name="/Users/khk/AppData/Roaming/MathWorks/MATLAB Add-Ons/Toolboxes/Robotics Toolbox for MATLAB/@SerialLink/pay.m" permissions="33206" type="File"/>
  <fileEntry content="/fsroot/Users/khk/AppData/Roaming/MathWorks/MATLAB%20Add-Ons/Toolboxes/Robotics%20Toolbox%20for%20MATLAB/@SerialLink/paycap.m" date="2020-09-24T23:27:48Z" name="/Users/khk/AppData/Roaming/MathWorks/MATLAB Add-Ons/Toolboxes/Robotics Toolbox for MATLAB/@SerialLink/paycap.m" permissions="33206" type="File"/>
  <fileEntry content="/fsroot/Users/khk/AppData/Roaming/MathWorks/MATLAB%20Add-Ons/Toolboxes/Robotics%20Toolbox%20for%20MATLAB/@SerialLink/perturb.m" date="2020-09-24T23:27:48Z" name="/Users/khk/AppData/Roaming/MathWorks/MATLAB Add-Ons/Toolboxes/Robotics Toolbox for MATLAB/@SerialLink/perturb.m" permissions="33206" type="File"/>
  <fileEntry content="/fsroot/Users/khk/AppData/Roaming/MathWorks/MATLAB%20Add-Ons/Toolboxes/Robotics%20Toolbox%20for%20MATLAB/@SerialLink/plot.m" date="2020-09-24T23:27:48Z" name="/Users/khk/AppData/Roaming/MathWorks/MATLAB Add-Ons/Toolboxes/Robotics Toolbox for MATLAB/@SerialLink/plot.m" permissions="33206" type="File"/>
  <fileEntry content="/fsroot/Users/khk/AppData/Roaming/MathWorks/MATLAB%20Add-Ons/Toolboxes/Robotics%20Toolbox%20for%20MATLAB/@SerialLink/plot3d.m" date="2020-09-24T23:27:48Z" name="/Users/khk/AppData/Roaming/MathWorks/MATLAB Add-Ons/Toolboxes/Robotics Toolbox for MATLAB/@SerialLink/plot3d.m" permissions="33206" type="File"/>
  <fileEntry content="/fsroot/Users/khk/AppData/Roaming/MathWorks/MATLAB%20Add-Ons/Toolboxes/Robotics%20Toolbox%20for%20MATLAB/@SerialLink/qmincon.m" date="2020-09-24T23:27:48Z" name="/Users/khk/AppData/Roaming/MathWorks/MATLAB Add-Ons/Toolboxes/Robotics Toolbox for MATLAB/@SerialLink/qmincon.m" permissions="33206" type="File"/>
  <fileEntry content="/fsroot/Users/khk/AppData/Roaming/MathWorks/MATLAB%20Add-Ons/Toolboxes/Robotics%20Toolbox%20for%20MATLAB/@SerialLink/rne.m" date="2020-09-24T23:27:48Z" name="/Users/khk/AppData/Roaming/MathWorks/MATLAB Add-Ons/Toolboxes/Robotics Toolbox for MATLAB/@SerialLink/rne.m" permissions="33206" type="File"/>
  <fileEntry content="/fsroot/Users/khk/AppData/Roaming/MathWorks/MATLAB%20Add-Ons/Toolboxes/Robotics%20Toolbox%20for%20MATLAB/@SerialLink/rne_dh.m" date="2020-09-24T23:27:48Z" name="/Users/khk/AppData/Roaming/MathWorks/MATLAB Add-Ons/Toolboxes/Robotics Toolbox for MATLAB/@SerialLink/rne_dh.m" permissions="33206" type="File"/>
  <fileEntry content="/fsroot/Users/khk/AppData/Roaming/MathWorks/MATLAB%20Add-Ons/Toolboxes/Robotics%20Toolbox%20for%20MATLAB/@SerialLink/rne_mdh.m" date="2020-09-24T23:27:48Z" name="/Users/khk/AppData/Roaming/MathWorks/MATLAB Add-Ons/Toolboxes/Robotics Toolbox for MATLAB/@SerialLink/rne_mdh.m" permissions="33206" type="File"/>
  <fileEntry content="/fsroot/Users/khk/AppData/Roaming/MathWorks/MATLAB%20Add-Ons/Toolboxes/Robotics%20Toolbox%20for%20MATLAB/@SerialLink/teach.m" date="2020-09-24T23:27:48Z" name="/Users/khk/AppData/Roaming/MathWorks/MATLAB Add-Ons/Toolboxes/Robotics Toolbox for MATLAB/@SerialLink/teach.m" permissions="33206" type="File"/>
  <fileEntry content="/fsroot/Users/khk/AppData/Roaming/MathWorks/MATLAB%20Add-Ons/Toolboxes/Robotics%20Toolbox%20for%20MATLAB/@SerialLink/trchain.m" date="2020-09-24T23:27:48Z" name="/Users/khk/AppData/Roaming/MathWorks/MATLAB Add-Ons/Toolboxes/Robotics Toolbox for MATLAB/@SerialLink/trchain.m" permissions="33206" type="File"/>
  <fileEntry content="/fsroot/Users/khk/AppData/Roaming/MathWorks/MATLAB%20Add-Ons/Toolboxes/Robotics%20Toolbox%20for%20MATLAB/@SerialLink/vellipse.m" date="2020-09-24T23:27:48Z" name="/Users/khk/AppData/Roaming/MathWorks/MATLAB Add-Ons/Toolboxes/Robotics Toolbox for MATLAB/@SerialLink/vellipse.m" permissions="33206" type="File"/>
  <fileEntry content="/fsroot/Users/khk/AppData/Roaming/MathWorks/MATLAB%20Add-Ons/Toolboxes/Robotics%20Toolbox%20for%20MATLAB/Link.m" date="2020-09-24T23:27:48Z" name="/Users/khk/AppData/Roaming/MathWorks/MATLAB Add-Ons/Toolboxes/Robotics Toolbox for MATLAB/Link.m" permissions="33206" type="File"/>
  <fileEntry content="/fsroot/Users/khk/AppData/Roaming/MathWorks/MATLAB%20Add-Ons/Toolboxes/Robotics%20Toolbox%20for%20MATLAB/RTBPlot.m" date="2020-09-24T23:27:48Z" name="/Users/khk/AppData/Roaming/MathWorks/MATLAB Add-Ons/Toolboxes/Robotics Toolbox for MATLAB/RTBPlot.m" permissions="33206" type="File"/>
  <fileEntry content="/fsroot/Users/khk/AppData/Roaming/MathWorks/MATLAB%20Add-Ons/Toolboxes/Robotics%20Toolbox%20for%20MATLAB/Revolute.m" date="2020-09-24T23:27:48Z" name="/Users/khk/AppData/Roaming/MathWorks/MATLAB Add-Ons/Toolboxes/Robotics Toolbox for MATLAB/Revolute.m" permissions="33206" type="File"/>
  <fileEntry content="/fsroot/Users/khk/AppData/Roaming/MathWorks/MATLAB%20Add-Ons/Toolboxes/Robotics%20Toolbox%20for%20MATLAB/chi2inv_rtb.m" date="2020-09-24T23:27:48Z" name="/Users/khk/AppData/Roaming/MathWorks/MATLAB Add-Ons/Toolboxes/Robotics Toolbox for MATLAB/chi2inv_rtb.m" permissions="33206" type="File"/>
  <fileEntry content="/fsroot/Users/khk/AppData/Roaming/MathWorks/MATLAB%20Add-Ons/Toolboxes/Robotics%20Toolbox%20for%20MATLAB/delta2tr.m" date="2020-09-24T23:27:48Z" name="/Users/khk/AppData/Roaming/MathWorks/MATLAB Add-Ons/Toolboxes/Robotics Toolbox for MATLAB/delta2tr.m" permissions="33206" type="File"/>
  <fileEntry content="/fsroot/Users/khk/AppData/Roaming/MathWorks/MATLAB%20Add-Ons/Toolboxes/Robotics%20Toolbox%20for%20MATLAB/demos/fkine.mlx" date="2020-09-24T23:27:48Z" name="/Users/khk/AppData/Roaming/MathWorks/MATLAB Add-Ons/Toolboxes/Robotics Toolbox for MATLAB/demos/fkine.mlx" permissions="33206" type="File"/>
  <fileEntry content="/fsroot/Users/khk/AppData/Roaming/MathWorks/MATLAB%20Add-Ons/Toolboxes/Robotics%20Toolbox%20for%20MATLAB/jtraj.m" date="2020-09-24T23:27:48Z" name="/Users/khk/AppData/Roaming/MathWorks/MATLAB Add-Ons/Toolboxes/Robotics Toolbox for MATLAB/jtraj.m" permissions="33206" type="File"/>
  <fileEntry content="/fsroot/Users/khk/AppData/Roaming/MathWorks/MATLAB%20Add-Ons/Toolboxes/Robotics%20Toolbox%20for%20MATLAB/lib/common/colorname.m" date="2020-09-24T23:27:50Z" name="/Users/khk/AppData/Roaming/MathWorks/MATLAB Add-Ons/Toolboxes/Robotics Toolbox for MATLAB/lib/common/colorname.m" permissions="33206" type="File"/>
  <fileEntry content="/fsroot/Users/khk/AppData/Roaming/MathWorks/MATLAB%20Add-Ons/Toolboxes/Robotics%20Toolbox%20for%20MATLAB/lib/common/stlRead.m" date="2020-09-24T23:27:50Z" name="/Users/khk/AppData/Roaming/MathWorks/MATLAB Add-Ons/Toolboxes/Robotics Toolbox for MATLAB/lib/common/stlRead.m" permissions="33206" type="File"/>
  <fileEntry content="/fsroot/Users/khk/AppData/Roaming/MathWorks/MATLAB%20Add-Ons/Toolboxes/Robotics%20Toolbox%20for%20MATLAB/lib/spatial-math/Animate.m" date="2020-09-24T23:27:51Z" name="/Users/khk/AppData/Roaming/MathWorks/MATLAB Add-Ons/Toolboxes/Robotics Toolbox for MATLAB/lib/spatial-math/Animate.m" permissions="33206" type="File"/>
  <fileEntry content="/fsroot/Users/khk/AppData/Roaming/MathWorks/MATLAB%20Add-Ons/Toolboxes/Robotics%20Toolbox%20for%20MATLAB/lib/spatial-math/Plucker.m" date="2020-09-24T23:27:51Z" name="/Users/khk/AppData/Roaming/MathWorks/MATLAB Add-Ons/Toolboxes/Robotics Toolbox for MATLAB/lib/spatial-math/Plucker.m" permissions="33206" type="File"/>
  <fileEntry content="/fsroot/Users/khk/AppData/Roaming/MathWorks/MATLAB%20Add-Ons/Toolboxes/Robotics%20Toolbox%20for%20MATLAB/lib/spatial-math/Quaternion.m" date="2020-09-24T23:27:51Z" name="/Users/khk/AppData/Roaming/MathWorks/MATLAB Add-Ons/Toolboxes/Robotics Toolbox for MATLAB/lib/spatial-math/Quaternion.m" permissions="33206" type="File"/>
  <fileEntry content="/fsroot/Users/khk/AppData/Roaming/MathWorks/MATLAB%20Add-Ons/Toolboxes/Robotics%20Toolbox%20for%20MATLAB/lib/spatial-math/RTBPose.m" date="2020-09-24T23:27:51Z" name="/Users/khk/AppData/Roaming/MathWorks/MATLAB Add-Ons/Toolboxes/Robotics Toolbox for MATLAB/lib/spatial-math/RTBPose.m" permissions="33206" type="File"/>
  <fileEntry content="/fsroot/Users/khk/AppData/Roaming/MathWorks/MATLAB%20Add-Ons/Toolboxes/Robotics%20Toolbox%20for%20MATLAB/lib/spatial-math/SE2.m" date="2020-09-24T23:27:51Z" name="/Users/khk/AppData/Roaming/MathWorks/MATLAB Add-Ons/Toolboxes/Robotics Toolbox for MATLAB/lib/spatial-math/SE2.m" permissions="33206" type="File"/>
  <fileEntry content="/fsroot/Users/khk/AppData/Roaming/MathWorks/MATLAB%20Add-Ons/Toolboxes/Robotics%20Toolbox%20for%20MATLAB/lib/spatial-math/SE3.m" date="2020-09-24T23:27:51Z" name="/Users/khk/AppData/Roaming/MathWorks/MATLAB Add-Ons/Toolboxes/Robotics Toolbox for MATLAB/lib/spatial-math/SE3.m" permissions="33206" type="File"/>
  <fileEntry content="/fsroot/Users/khk/AppData/Roaming/MathWorks/MATLAB%20Add-Ons/Toolboxes/Robotics%20Toolbox%20for%20MATLAB/lib/spatial-math/SO2.m" date="2020-09-24T23:27:51Z" name="/Users/khk/AppData/Roaming/MathWorks/MATLAB Add-Ons/Toolboxes/Robotics Toolbox for MATLAB/lib/spatial-math/SO2.m" permissions="33206" type="File"/>
  <fileEntry content="/fsroot/Users/khk/AppData/Roaming/MathWorks/MATLAB%20Add-Ons/Toolboxes/Robotics%20Toolbox%20for%20MATLAB/lib/spatial-math/SO3.m" date="2020-09-24T23:27:51Z" name="/Users/khk/AppData/Roaming/MathWorks/MATLAB Add-Ons/Toolboxes/Robotics Toolbox for MATLAB/lib/spatial-math/SO3.m" permissions="33206" type="File"/>
  <fileEntry content="/fsroot/Users/khk/AppData/Roaming/MathWorks/MATLAB%20Add-Ons/Toolboxes/Robotics%20Toolbox%20for%20MATLAB/lib/spatial-math/SpatialAcceleration.m" date="2020-09-24T23:27:51Z" name="/Users/khk/AppData/Roaming/MathWorks/MATLAB Add-Ons/Toolboxes/Robotics Toolbox for MATLAB/lib/spatial-math/SpatialAcceleration.m" permissions="33206" type="File"/>
  <fileEntry content="/fsroot/Users/khk/AppData/Roaming/MathWorks/MATLAB%20Add-Ons/Toolboxes/Robotics%20Toolbox%20for%20MATLAB/lib/spatial-math/SpatialF6.m" date="2020-09-24T23:27:51Z" name="/Users/khk/AppData/Roaming/MathWorks/MATLAB Add-Ons/Toolboxes/Robotics Toolbox for MATLAB/lib/spatial-math/SpatialF6.m" permissions="33206" type="File"/>
  <fileEntry content="/fsroot/Users/khk/AppData/Roaming/MathWorks/MATLAB%20Add-Ons/Toolboxes/Robotics%20Toolbox%20for%20MATLAB/lib/spatial-math/SpatialForce.m" date="2020-09-24T23:27:51Z" name="/Users/khk/AppData/Roaming/MathWorks/MATLAB Add-Ons/Toolboxes/Robotics Toolbox for MATLAB/lib/spatial-math/SpatialForce.m" permissions="33206" type="File"/>
  <fileEntry content="/fsroot/Users/khk/AppData/Roaming/MathWorks/MATLAB%20Add-Ons/Toolboxes/Robotics%20Toolbox%20for%20MATLAB/lib/spatial-math/SpatialM6.m" date="2020-09-24T23:27:51Z" name="/Users/khk/AppData/Roaming/MathWorks/MATLAB Add-Ons/Toolboxes/Robotics Toolbox for MATLAB/lib/spatial-math/SpatialM6.m" permissions="33206" type="File"/>
  <fileEntry content="/fsroot/Users/khk/AppData/Roaming/MathWorks/MATLAB%20Add-Ons/Toolboxes/Robotics%20Toolbox%20for%20MATLAB/lib/spatial-math/SpatialVec6.m" date="2020-09-24T23:27:51Z" name="/Users/khk/AppData/Roaming/MathWorks/MATLAB Add-Ons/Toolboxes/Robotics Toolbox for MATLAB/lib/spatial-math/SpatialVec6.m" permissions="33206" type="File"/>
  <fileEntry content="/fsroot/Users/khk/AppData/Roaming/MathWorks/MATLAB%20Add-Ons/Toolboxes/Robotics%20Toolbox%20for%20MATLAB/lib/spatial-math/SpatialVelocity.m" date="2020-09-24T23:27:51Z" name="/Users/khk/AppData/Roaming/MathWorks/MATLAB Add-Ons/Toolboxes/Robotics Toolbox for MATLAB/lib/spatial-math/SpatialVelocity.m" permissions="33206" type="File"/>
  <fileEntry content="/fsroot/Users/khk/AppData/Roaming/MathWorks/MATLAB%20Add-Ons/Toolboxes/Robotics%20Toolbox%20for%20MATLAB/lib/spatial-math/Twist.m" date="2020-09-24T23:27:51Z" name="/Users/khk/AppData/Roaming/MathWorks/MATLAB Add-Ons/Toolboxes/Robotics Toolbox for MATLAB/lib/spatial-math/Twist.m" permissions="33206" type="File"/>
  <fileEntry content="/fsroot/Users/khk/AppData/Roaming/MathWorks/MATLAB%20Add-Ons/Toolboxes/Robotics%20Toolbox%20for%20MATLAB/lib/spatial-math/UnitQuaternion.m" date="2020-09-24T23:27:51Z" name="/Users/khk/AppData/Roaming/MathWorks/MATLAB Add-Ons/Toolboxes/Robotics Toolbox for MATLAB/lib/spatial-math/UnitQuaternion.m" permissions="33206" type="File"/>
  <fileEntry content="/fsroot/Users/khk/AppData/Roaming/MathWorks/MATLAB%20Add-Ons/Toolboxes/Robotics%20Toolbox%20for%20MATLAB/lib/spatial-math/about.m" date="2020-09-24T23:27:51Z" name="/Users/khk/AppData/Roaming/MathWorks/MATLAB Add-Ons/Toolboxes/Robotics Toolbox for MATLAB/lib/spatial-math/about.m" permissions="33206" type="File"/>
  <fileEntry content="/fsroot/Users/khk/AppData/Roaming/MathWorks/MATLAB%20Add-Ons/Toolboxes/Robotics%20Toolbox%20for%20MATLAB/lib/spatial-math/angvec2r.m" date="2020-09-24T23:27:51Z" name="/Users/khk/AppData/Roaming/MathWorks/MATLAB Add-Ons/Toolboxes/Robotics Toolbox for MATLAB/lib/spatial-math/angvec2r.m" permissions="33206" type="File"/>
  <fileEntry content="/fsroot/Users/khk/AppData/Roaming/MathWorks/MATLAB%20Add-Ons/Toolboxes/Robotics%20Toolbox%20for%20MATLAB/lib/spatial-math/arrow3.m" date="2020-09-24T23:27:51Z" name="/Users/khk/AppData/Roaming/MathWorks/MATLAB Add-Ons/Toolboxes/Robotics Toolbox for MATLAB/lib/spatial-math/arrow3.m" permissions="33206" type="File"/>
  <fileEntry content="/fsroot/Users/khk/AppData/Roaming/MathWorks/MATLAB%20Add-Ons/Toolboxes/Robotics%20Toolbox%20for%20MATLAB/lib/spatial-math/colnorm.m" date="2020-09-24T23:27:51Z" name="/Users/khk/AppData/Roaming/MathWorks/MATLAB Add-Ons/Toolboxes/Robotics Toolbox for MATLAB/lib/spatial-math/colnorm.m" permissions="33206" type="File"/>
  <fileEntry content="/fsroot/Users/khk/AppData/Roaming/MathWorks/MATLAB%20Add-Ons/Toolboxes/Robotics%20Toolbox%20for%20MATLAB/lib/spatial-math/eul2jac.m" date="2020-09-24T23:27:51Z" name="/Users/khk/AppData/Roaming/MathWorks/MATLAB Add-Ons/Toolboxes/Robotics Toolbox for MATLAB/lib/spatial-math/eul2jac.m" permissions="33206" type="File"/>
  <fileEntry content="/fsroot/Users/khk/AppData/Roaming/MathWorks/MATLAB%20Add-Ons/Toolboxes/Robotics%20Toolbox%20for%20MATLAB/lib/spatial-math/eul2r.m" date="2020-09-24T23:27:51Z" name="/Users/khk/AppData/Roaming/MathWorks/MATLAB Add-Ons/Toolboxes/Robotics Toolbox for MATLAB/lib/spatial-math/eul2r.m" permissions="33206" type="File"/>
  <fileEntry content="/fsroot/Users/khk/AppData/Roaming/MathWorks/MATLAB%20Add-Ons/Toolboxes/Robotics%20Toolbox%20for%20MATLAB/lib/spatial-math/ishomog.m" date="2020-09-24T23:27:51Z" name="/Users/khk/AppData/Roaming/MathWorks/MATLAB Add-Ons/Toolboxes/Robotics Toolbox for MATLAB/lib/spatial-math/ishomog.m" permissions="33206" type="File"/>
  <fileEntry content="/fsroot/Users/khk/AppData/Roaming/MathWorks/MATLAB%20Add-Ons/Toolboxes/Robotics%20Toolbox%20for%20MATLAB/lib/spatial-math/ishomog2.m" date="2020-09-24T23:27:51Z" name="/Users/khk/AppData/Roaming/MathWorks/MATLAB Add-Ons/Toolboxes/Robotics Toolbox for MATLAB/lib/spatial-math/ishomog2.m" permissions="33206" type="File"/>
  <fileEntry content="/fsroot/Users/khk/AppData/Roaming/MathWorks/MATLAB%20Add-Ons/Toolboxes/Robotics%20Toolbox%20for%20MATLAB/lib/spatial-math/isrot.m" date="2020-09-24T23:27:51Z" name="/Users/khk/AppData/Roaming/MathWorks/MATLAB Add-Ons/Toolboxes/Robotics Toolbox for MATLAB/lib/spatial-math/isrot.m" permissions="33206" type="File"/>
  <fileEntry content="/fsroot/Users/khk/AppData/Roaming/MathWorks/MATLAB%20Add-Ons/Toolboxes/Robotics%20Toolbox%20for%20MATLAB/lib/spatial-math/isrot2.m" date="2020-09-24T23:27:51Z" name="/Users/khk/AppData/Roaming/MathWorks/MATLAB Add-Ons/Toolboxes/Robotics Toolbox for MATLAB/lib/spatial-math/isrot2.m" permissions="33206" type="File"/>
  <fileEntry content="/fsroot/Users/khk/AppData/Roaming/MathWorks/MATLAB%20Add-Ons/Toolboxes/Robotics%20Toolbox%20for%20MATLAB/lib/spatial-math/isunit.m" date="2020-09-24T23:27:51Z" name="/Users/khk/AppData/Roaming/MathWorks/MATLAB Add-Ons/Toolboxes/Robotics Toolbox for MATLAB/lib/spatial-math/isunit.m" permissions="33206" type="File"/>
  <fileEntry content="/fsroot/Users/khk/AppData/Roaming/MathWorks/MATLAB%20Add-Ons/Toolboxes/Robotics%20Toolbox%20for%20MATLAB/lib/spatial-math/isvec.m" date="2020-09-24T23:27:51Z" name="/Users/khk/AppData/Roaming/MathWorks/MATLAB Add-Ons/Toolboxes/Robotics Toolbox for MATLAB/lib/spatial-math/isvec.m" permissions="33206" type="File"/>
  <fileEntry content="/fsroot/Users/khk/AppData/Roaming/MathWorks/MATLAB%20Add-Ons/Toolboxes/Robotics%20Toolbox%20for%20MATLAB/lib/spatial-math/numcols.m" date="2020-09-24T23:27:51Z" name="/Users/khk/AppData/Roaming/MathWorks/MATLAB Add-Ons/Toolboxes/Robotics Toolbox for MATLAB/lib/spatial-math/numcols.m" permissions="33206" type="File"/>
  <fileEntry content="/fsroot/Users/khk/AppData/Roaming/MathWorks/MATLAB%20Add-Ons/Toolboxes/Robotics%20Toolbox%20for%20MATLAB/lib/spatial-math/numrows.m" date="2020-09-24T23:27:51Z" name="/Users/khk/AppData/Roaming/MathWorks/MATLAB Add-Ons/Toolboxes/Robotics Toolbox for MATLAB/lib/spatial-math/numrows.m" permissions="33206" type="File"/>
  <fileEntry content="/fsroot/Users/khk/AppData/Roaming/MathWorks/MATLAB%20Add-Ons/Toolboxes/Robotics%20Toolbox%20for%20MATLAB/lib/spatial-math/plot2.m" date="2020-09-24T23:27:51Z" name="/Users/khk/AppData/Roaming/MathWorks/MATLAB Add-Ons/Toolboxes/Robotics Toolbox for MATLAB/lib/spatial-math/plot2.m" permissions="33206" type="File"/>
  <fileEntry content="/fsroot/Users/khk/AppData/Roaming/MathWorks/MATLAB%20Add-Ons/Toolboxes/Robotics%20Toolbox%20for%20MATLAB/lib/spatial-math/plot_ellipse.m" date="2020-09-24T23:27:51Z" name="/Users/khk/AppData/Roaming/MathWorks/MATLAB Add-Ons/Toolboxes/Robotics Toolbox for MATLAB/lib/spatial-math/plot_ellipse.m" permissions="33206" type="File"/>
  <fileEntry content="/fsroot/Users/khk/AppData/Roaming/MathWorks/MATLAB%20Add-Ons/Toolboxes/Robotics%20Toolbox%20for%20MATLAB/lib/spatial-math/r2t.m" date="2020-09-24T23:27:51Z" name="/Users/khk/AppData/Roaming/MathWorks/MATLAB Add-Ons/Toolboxes/Robotics Toolbox for MATLAB/lib/spatial-math/r2t.m" permissions="33206" type="File"/>
  <fileEntry content="/fsroot/Users/khk/AppData/Roaming/MathWorks/MATLAB%20Add-Ons/Toolboxes/Robotics%20Toolbox%20for%20MATLAB/lib/spatial-math/rot2.m" date="2020-09-24T23:27:51Z" name="/Users/khk/AppData/Roaming/MathWorks/MATLAB Add-Ons/Toolboxes/Robotics Toolbox for MATLAB/lib/spatial-math/rot2.m" permissions="33206" type="File"/>
  <fileEntry content="/fsroot/Users/khk/AppData/Roaming/MathWorks/MATLAB%20Add-Ons/Toolboxes/Robotics%20Toolbox%20for%20MATLAB/lib/spatial-math/rotx.m" date="2020-09-24T23:27:51Z" name="/Users/khk/AppData/Roaming/MathWorks/MATLAB Add-Ons/Toolboxes/Robotics Toolbox for MATLAB/lib/spatial-math/rotx.m" permissions="33206" type="File"/>
  <fileEntry content="/fsroot/Users/khk/AppData/Roaming/MathWorks/MATLAB%20Add-Ons/Toolboxes/Robotics%20Toolbox%20for%20MATLAB/lib/spatial-math/roty.m" date="2020-09-24T23:27:51Z" name="/Users/khk/AppData/Roaming/MathWorks/MATLAB Add-Ons/Toolboxes/Robotics Toolbox for MATLAB/lib/spatial-math/roty.m" permissions="33206" type="File"/>
  <fileEntry content="/fsroot/Users/khk/AppData/Roaming/MathWorks/MATLAB%20Add-Ons/Toolboxes/Robotics%20Toolbox%20for%20MATLAB/lib/spatial-math/rotz.m" date="2020-09-24T23:27:51Z" name="/Users/khk/AppData/Roaming/MathWorks/MATLAB Add-Ons/Toolboxes/Robotics Toolbox for MATLAB/lib/spatial-math/rotz.m" permissions="33206" type="File"/>
  <fileEntry content="/fsroot/Users/khk/AppData/Roaming/MathWorks/MATLAB%20Add-Ons/Toolboxes/Robotics%20Toolbox%20for%20MATLAB/lib/spatial-math/rpy2jac.m" date="2020-09-24T23:27:51Z" name="/Users/khk/AppData/Roaming/MathWorks/MATLAB Add-Ons/Toolboxes/Robotics Toolbox for MATLAB/lib/spatial-math/rpy2jac.m" permissions="33206" type="File"/>
  <fileEntry content="/fsroot/Users/khk/AppData/Roaming/MathWorks/MATLAB%20Add-Ons/Toolboxes/Robotics%20Toolbox%20for%20MATLAB/lib/spatial-math/rpy2r.m" date="2020-09-24T23:27:51Z" name="/Users/khk/AppData/Roaming/MathWorks/MATLAB Add-Ons/Toolboxes/Robotics Toolbox for MATLAB/lib/spatial-math/rpy2r.m" permissions="33206" type="File"/>
  <fileEntry content="/fsroot/Users/khk/AppData/Roaming/MathWorks/MATLAB%20Add-Ons/Toolboxes/Robotics%20Toolbox%20for%20MATLAB/lib/spatial-math/rt2tr.m" date="2020-09-24T23:27:51Z" name="/Users/khk/AppData/Roaming/MathWorks/MATLAB Add-Ons/Toolboxes/Robotics Toolbox for MATLAB/lib/spatial-math/rt2tr.m" permissions="33206" type="File"/>
  <fileEntry content="/fsroot/Users/khk/AppData/Roaming/MathWorks/MATLAB%20Add-Ons/Toolboxes/Robotics%20Toolbox%20for%20MATLAB/lib/spatial-math/skew.m" date="2020-09-24T23:27:51Z" name="/Users/khk/AppData/Roaming/MathWorks/MATLAB Add-Ons/Toolboxes/Robotics Toolbox for MATLAB/lib/spatial-math/skew.m" permissions="33206" type="File"/>
  <fileEntry content="/fsroot/Users/khk/AppData/Roaming/MathWorks/MATLAB%20Add-Ons/Toolboxes/Robotics%20Toolbox%20for%20MATLAB/lib/spatial-math/skewa.m" date="2020-09-24T23:27:51Z" name="/Users/khk/AppData/Roaming/MathWorks/MATLAB Add-Ons/Toolboxes/Robotics Toolbox for MATLAB/lib/spatial-math/skewa.m" permissions="33206" type="File"/>
  <fileEntry content="/fsroot/Users/khk/AppData/Roaming/MathWorks/MATLAB%20Add-Ons/Toolboxes/Robotics%20Toolbox%20for%20MATLAB/lib/spatial-math/t2r.m" date="2020-09-24T23:27:51Z" name="/Users/khk/AppData/Roaming/MathWorks/MATLAB Add-Ons/Toolboxes/Robotics Toolbox for MATLAB/lib/spatial-math/t2r.m" permissions="33206" type="File"/>
  <fileEntry content="/fsroot/Users/khk/AppData/Roaming/MathWorks/MATLAB%20Add-Ons/Toolboxes/Robotics%20Toolbox%20for%20MATLAB/lib/spatial-math/tb_optparse.m" date="2020-09-24T23:27:51Z" name="/Users/khk/AppData/Roaming/MathWorks/MATLAB Add-Ons/Toolboxes/Robotics Toolbox for MATLAB/lib/spatial-math/tb_optparse.m" permissions="33206" type="File"/>
  <fileEntry content="/fsroot/Users/khk/AppData/Roaming/MathWorks/MATLAB%20Add-Ons/Toolboxes/Robotics%20Toolbox%20for%20MATLAB/lib/spatial-math/tr2angvec.m" date="2020-09-24T23:27:51Z" name="/Users/khk/AppData/Roaming/MathWorks/MATLAB Add-Ons/Toolboxes/Robotics Toolbox for MATLAB/lib/spatial-math/tr2angvec.m" permissions="33206" type="File"/>
  <fileEntry content="/fsroot/Users/khk/AppData/Roaming/MathWorks/MATLAB%20Add-Ons/Toolboxes/Robotics%20Toolbox%20for%20MATLAB/lib/spatial-math/tr2delta.m" date="2020-09-24T23:27:51Z" name="/Users/khk/AppData/Roaming/MathWorks/MATLAB Add-Ons/Toolboxes/Robotics Toolbox for MATLAB/lib/spatial-math/tr2delta.m" permissions="33206" type="File"/>
  <fileEntry content="/fsroot/Users/khk/AppData/Roaming/MathWorks/MATLAB%20Add-Ons/Toolboxes/Robotics%20Toolbox%20for%20MATLAB/lib/spatial-math/tr2eul.m" date="2020-09-24T23:27:51Z" name="/Users/khk/AppData/Roaming/MathWorks/MATLAB Add-Ons/Toolboxes/Robotics Toolbox for MATLAB/lib/spatial-math/tr2eul.m" permissions="33206" type="File"/>
  <fileEntry content="/fsroot/Users/khk/AppData/Roaming/MathWorks/MATLAB%20Add-Ons/Toolboxes/Robotics%20Toolbox%20for%20MATLAB/lib/spatial-math/tr2rpy.m" date="2020-09-24T23:27:51Z" name="/Users/khk/AppData/Roaming/MathWorks/MATLAB Add-Ons/Toolboxes/Robotics Toolbox for MATLAB/lib/spatial-math/tr2rpy.m" permissions="33206" type="File"/>
  <fileEntry content="/fsroot/Users/khk/AppData/Roaming/MathWorks/MATLAB%20Add-Ons/Toolboxes/Robotics%20Toolbox%20for%20MATLAB/lib/spatial-math/tr2rt.m" date="2020-09-24T23:27:51Z" name="/Users/khk/AppData/Roaming/MathWorks/MATLAB Add-Ons/Toolboxes/Robotics Toolbox for MATLAB/lib/spatial-math/tr2rt.m" permissions="33206" type="File"/>
  <fileEntry content="/fsroot/Users/khk/AppData/Roaming/MathWorks/MATLAB%20Add-Ons/Toolboxes/Robotics%20Toolbox%20for%20MATLAB/lib/spatial-math/tranimate.m" date="2020-09-24T23:27:51Z" name="/Users/khk/AppData/Roaming/MathWorks/MATLAB Add-Ons/Toolboxes/Robotics Toolbox for MATLAB/lib/spatial-math/tranimate.m" permissions="33206" type="File"/>
  <fileEntry content="/fsroot/Users/khk/AppData/Roaming/MathWorks/MATLAB%20Add-Ons/Toolboxes/Robotics%20Toolbox%20for%20MATLAB/lib/spatial-math/tranimate2.m" date="2020-09-24T23:27:51Z" name="/Users/khk/AppData/Roaming/MathWorks/MATLAB Add-Ons/Toolboxes/Robotics Toolbox for MATLAB/lib/spatial-math/tranimate2.m" permissions="33206" type="File"/>
  <fileEntry content="/fsroot/Users/khk/AppData/Roaming/MathWorks/MATLAB%20Add-Ons/Toolboxes/Robotics%20Toolbox%20for%20MATLAB/lib/spatial-math/transl.m" date="2020-09-24T23:27:51Z" name="/Users/khk/AppData/Roaming/MathWorks/MATLAB Add-Ons/Toolboxes/Robotics Toolbox for MATLAB/lib/spatial-math/transl.m" permissions="33206" type="File"/>
  <fileEntry content="/fsroot/Users/khk/AppData/Roaming/MathWorks/MATLAB%20Add-Ons/Toolboxes/Robotics%20Toolbox%20for%20MATLAB/lib/spatial-math/transl2.m" date="2020-09-24T23:27:51Z" name="/Users/khk/AppData/Roaming/MathWorks/MATLAB Add-Ons/Toolboxes/Robotics Toolbox for MATLAB/lib/spatial-math/transl2.m" permissions="33206" type="File"/>
  <fileEntry content="/fsroot/Users/khk/AppData/Roaming/MathWorks/MATLAB%20Add-Ons/Toolboxes/Robotics%20Toolbox%20for%20MATLAB/lib/spatial-math/trexp.m" date="2020-09-24T23:27:51Z" name="/Users/khk/AppData/Roaming/MathWorks/MATLAB Add-Ons/Toolboxes/Robotics Toolbox for MATLAB/lib/spatial-math/trexp.m" permissions="33206" type="File"/>
  <fileEntry content="/fsroot/Users/khk/AppData/Roaming/MathWorks/MATLAB%20Add-Ons/Toolboxes/Robotics%20Toolbox%20for%20MATLAB/lib/spatial-math/trexp2.m" date="2020-09-24T23:27:51Z" name="/Users/khk/AppData/Roaming/MathWorks/MATLAB Add-Ons/Toolboxes/Robotics Toolbox for MATLAB/lib/spatial-math/trexp2.m" permissions="33206" type="File"/>
  <fileEntry content="/fsroot/Users/khk/AppData/Roaming/MathWorks/MATLAB%20Add-Ons/Toolboxes/Robotics%20Toolbox%20for%20MATLAB/lib/spatial-math/trinterp.m" date="2020-09-24T23:27:51Z" name="/Users/khk/AppData/Roaming/MathWorks/MATLAB Add-Ons/Toolboxes/Robotics Toolbox for MATLAB/lib/spatial-math/trinterp.m" permissions="33206" type="File"/>
  <fileEntry content="/fsroot/Users/khk/AppData/Roaming/MathWorks/MATLAB%20Add-Ons/Toolboxes/Robotics%20Toolbox%20for%20MATLAB/lib/spatial-math/trinterp2.m" date="2020-09-24T23:27:51Z" name="/Users/khk/AppData/Roaming/MathWorks/MATLAB Add-Ons/Toolboxes/Robotics Toolbox for MATLAB/lib/spatial-math/trinterp2.m" permissions="33206" type="File"/>
  <fileEntry content="/fsroot/Users/khk/AppData/Roaming/MathWorks/MATLAB%20Add-Ons/Toolboxes/Robotics%20Toolbox%20for%20MATLAB/lib/spatial-math/trlog.m" date="2020-09-24T23:27:51Z" name="/Users/khk/AppData/Roaming/MathWorks/MATLAB Add-Ons/Toolboxes/Robotics Toolbox for MATLAB/lib/spatial-math/trlog.m" permissions="33206" type="File"/>
  <fileEntry content="/fsroot/Users/khk/AppData/Roaming/MathWorks/MATLAB%20Add-Ons/Toolboxes/Robotics%20Toolbox%20for%20MATLAB/lib/spatial-math/trnorm.m" date="2020-09-24T23:27:51Z" name="/Users/khk/AppData/Roaming/MathWorks/MATLAB Add-Ons/Toolboxes/Robotics Toolbox for MATLAB/lib/spatial-math/trnorm.m" permissions="33206" type="File"/>
  <fileEntry content="/fsroot/Users/khk/AppData/Roaming/MathWorks/MATLAB%20Add-Ons/Toolboxes/Robotics%20Toolbox%20for%20MATLAB/lib/spatial-math/trplot.m" date="2020-09-24T23:27:51Z" name="/Users/khk/AppData/Roaming/MathWorks/MATLAB Add-Ons/Toolboxes/Robotics Toolbox for MATLAB/lib/spatial-math/trplot.m" permissions="33206" type="File"/>
  <fileEntry content="/fsroot/Users/khk/AppData/Roaming/MathWorks/MATLAB%20Add-Ons/Toolboxes/Robotics%20Toolbox%20for%20MATLAB/lib/spatial-math/trplot2.m" date="2020-09-24T23:27:51Z" name="/Users/khk/AppData/Roaming/MathWorks/MATLAB Add-Ons/Toolboxes/Robotics Toolbox for MATLAB/lib/spatial-math/trplot2.m" permissions="33206" type="File"/>
  <fileEntry content="/fsroot/Users/khk/AppData/Roaming/MathWorks/MATLAB%20Add-Ons/Toolboxes/Robotics%20Toolbox%20for%20MATLAB/lib/spatial-math/trprint.m" date="2020-09-24T23:27:51Z" name="/Users/khk/AppData/Roaming/MathWorks/MATLAB Add-Ons/Toolboxes/Robotics Toolbox for MATLAB/lib/spatial-math/trprint.m" permissions="33206" type="File"/>
  <fileEntry content="/fsroot/Users/khk/AppData/Roaming/MathWorks/MATLAB%20Add-Ons/Toolboxes/Robotics%20Toolbox%20for%20MATLAB/lib/spatial-math/trprint2.m" date="2020-09-24T23:27:51Z" name="/Users/khk/AppData/Roaming/MathWorks/MATLAB Add-Ons/Toolboxes/Robotics Toolbox for MATLAB/lib/spatial-math/trprint2.m" permissions="33206" type="File"/>
  <fileEntry content="/fsroot/Users/khk/AppData/Roaming/MathWorks/MATLAB%20Add-Ons/Toolboxes/Robotics%20Toolbox%20for%20MATLAB/lib/spatial-math/unit.m" date="2020-09-24T23:27:51Z" name="/Users/khk/AppData/Roaming/MathWorks/MATLAB Add-Ons/Toolboxes/Robotics Toolbox for MATLAB/lib/spatial-math/unit.m" permissions="33206" type="File"/>
  <fileEntry content="/fsroot/Users/khk/AppData/Roaming/MathWorks/MATLAB%20Add-Ons/Toolboxes/Robotics%20Toolbox%20for%20MATLAB/lib/spatial-math/vex.m" date="2020-09-24T23:27:51Z" name="/Users/khk/AppData/Roaming/MathWorks/MATLAB Add-Ons/Toolboxes/Robotics Toolbox for MATLAB/lib/spatial-math/vex.m" permissions="33206" type="File"/>
  <fileEntry content="/fsroot/Users/khk/AppData/Roaming/MathWorks/MATLAB%20Add-Ons/Toolboxes/Robotics%20Toolbox%20for%20MATLAB/lspb.m" date="2020-09-24T23:27:48Z" name="/Users/khk/AppData/Roaming/MathWorks/MATLAB Add-Ons/Toolboxes/Robotics Toolbox for MATLAB/lspb.m" permissions="33206" type="File"/>
  <fileEntry content="/fsroot/Users/khk/AppData/Roaming/MathWorks/MATLAB%20Add-Ons/Toolboxes/Robotics%20Toolbox%20for%20MATLAB/models/mdl_puma560.m" date="2020-09-24T23:27:48Z" name="/Users/khk/AppData/Roaming/MathWorks/MATLAB Add-Ons/Toolboxes/Robotics Toolbox for MATLAB/models/mdl_puma560.m" permissions="33206" type="File"/>
  <fileEntry content="/fsroot/Users/khk/AppData/Roaming/MathWorks/MATLAB%20Add-Ons/Toolboxes/Robotics%20Toolbox%20for%20MATLAB/plotbotopt.m" date="2020-09-24T23:27:48Z" name="/Users/khk/AppData/Roaming/MathWorks/MATLAB Add-Ons/Toolboxes/Robotics Toolbox for MATLAB/plotbotopt.m" permissions="33206" type="File"/>
  <fileEntry content="/fsroot/Users/khk/AppData/Roaming/MathWorks/MATLAB%20Add-Ons/Toolboxes/Robotics%20Toolbox%20for%20MATLAB/sym2.m" date="2020-09-24T23:27:48Z" name="/Users/khk/AppData/Roaming/MathWorks/MATLAB Add-Ons/Toolboxes/Robotics Toolbox for MATLAB/sym2.m" permissions="33206" type="File"/>
  <fileEntry content="/fsroot/code/lecture/2022-2/%EB%A1%9C%EB%B4%87%20%EA%B3%B5%ED%95%99/%EA%B3%BC%EC%A0%9C/%EC%8B%A4%EC%8A%B5%EA%B3%BC%EC%A0%9C/%EC%8B%A4%EC%8A%B5%EA%B3%BC%EC%A0%9C%2001/app_01/app_01_08.mlapp" date="2022-11-01T09:19:23Z" name="/code/lecture/2022-2/로봇 공학/과제/실습과제/실습과제 01/app_01/app_01_08.mlapp" permissions="37302" type="File"/>
</fileEntries>
